{"cameraMode":{"drawMode":0,"name":"Shaded","section":"Shading Mode"},"sceneLighting":true,"audioPlay":false,"sceneViewState":{"m_AlwaysRefresh":false,"showFog":true,"showSkybox":true,"showFlares":true,"showImageEffects":true,"showParticleSystems":true,"showVisualEffectGraphs":true,"m_FxEnabled":true},"in2DMode":false,"pivot":{"x":69.00615692138672,"y":-1.9983396530151368,"z":22.255434036254884},"rotation":{"x":-0.387369841337204,"y":-0.09162773191928864,"z":0.039901599287986758,"w":-0.9165050387382507},"size":18.033849716186525,"orthographic":false}