{"cameraMode":{"drawMode":0,"name":"Shaded","section":"Shading Mode"},"sceneLighting":true,"audioPlay":false,"sceneViewState":{"m_AlwaysRefresh":false,"showFog":true,"showSkybox":true,"showFlares":true,"showImageEffects":true,"showParticleSystems":true,"showVisualEffectGraphs":true,"m_FxEnabled":true},"in2DMode":false,"pivot":{"x":62.952999114990237,"y":1.9110000133514405,"z":34.36000061035156},"rotation":{"x":-0.3782668709754944,"y":-0.07822400331497193,"z":0.03326726704835892,"w":-0.9217986464500427},"size":0.41513651609420779,"orthographic":false}