{"cameraMode":{"drawMode":0,"name":"Shaded","section":"Shading Mode"},"sceneLighting":false,"audioPlay":false,"sceneViewState":{"m_AlwaysRefresh":false,"showFog":true,"showSkybox":false,"showFlares":true,"showImageEffects":true,"showParticleSystems":true,"showVisualEffectGraphs":true,"m_FxEnabled":true},"in2DMode":false,"pivot":{"x":62.952999114990237,"y":1.9110000133514405,"z":16.66699981689453},"rotation":{"x":-0.35886281728744509,"y":-0.14804616570472718,"z":0.057763900607824329,"w":-0.9197700619697571},"size":0.05122683569788933,"orthographic":false}